id,source,sender_name,sender_sort_code,sender_account_number,card_number_last_digits,sender_email,postcode,ip_address,prisoner_count,prison_count,credit_count,credit_total,prisons
53,online,Abigail Reed-Woodward,,,6367,marionwalker@yahoo.com,SM3M 2BQ,169.176.25.161,3,1,3,8500,[LEI]
72,online,Amber Clarke,,,0241,janetevans@hotmail.com,B40 4AY,125.41.52.52,1,1,1,2500,[LEI]
32,online,Barry Taylor-Webb,,,5216,bennettcarly@peacock.net,S1C 1QH,192.0.6.103,1,1,1,1314,[BXI]
11,online,Beth King-Griffin,,,2942,joyceclarke@baldwin.com,HS9M 3GN,192.28.84.168,1,1,1,1500,[LEI]
28,online,Bruce Webb,,,9419,tom56@begum.com,NP59 4UG,192.52.226.4,3,2,3,5641,[LEI;BXI]
15,online,Deborah Green,,,4740,wmellor@hotmail.com,E8U 5XX,196.160.146.17,2,2,2,6000,[LEI;BXI]
87,online,Debra Brookes-Hill,,,4752,brendakirk@wilson.com,N3G 9TH,96.25.134.85,1,0,1,2000,[]
46,online,Denise Bryant,,,0257,wendy93@ahmed-marshall.info,S3S 6GG,192.156.204.46,2,2,2,12400,[LEI;BXI]
40,online,Dr. Adam Cooper,,,8959,derekkent@anderson.com,S40 7GB,198.31.50.22,1,1,1,1500,[BXI]
24,bank_transfer,Dr. Clive Barrett,860615,63896738,,,,,1,1,1,3500,[BXI]
47,online,Dr. Graham Burton,,,0778,morleydeborah@yahoo.com,YO4V 7TZ,192.30.201.110,4,2,4,9000,[LEI;BXI]
31,online,Dr. Kenneth Marsh,,,1528,jonesmartyn@hughes.net,WC8X 4RE,192.2.189.136,1,1,1,3500,[BXI]
45,bank_transfer,Dr. Roger Barker,732042,24763796,,,,,1,1,1,973,[BXI]
60,bank_transfer,Dr. Shaun Mahmood,018139,43394247,,,,,3,2,3,7000,[LEI;BXI]
86,online,Eileen Perry,,,8158,kennethscott@yahoo.com,TR13 0YL,192.0.123.120,1,1,1,2000,[LEI]
63,online,Eleanor Nixon,,,4259,randallhelen@hotmail.com,TD0 0ZN,93.134.50.209,1,1,1,1500,[LEI]
62,online,Emily Green-Hammond,,,2547,omann@hamilton.com,BS7A 3LG,198.120.171.111,3,2,3,4241,[LEI;BXI]
55,online,Eric Wall,,,3655,elliottjames@thomas.net,CM0 3UT,192.95.220.56,1,1,1,2500,[BXI]
3,online,Frank Ward,,,1116,martingeorgina@hotmail.com,AB2Y 9PZ,192.1.13.100,2,2,2,4000,[LEI;BXI]
0,online,Gail Wood-Cox,,,2320,robert82@bradshaw.biz,S15 7SZ,192.0.5.242,2,2,2,4500,[LEI;BXI]
21,online,Hannah Stephens,,,0417,owilliams@palmer-evans.com,PH7R 8TF,203.231.77.152,1,1,1,2000,[LEI]
49,online,Irene Bray,,,6441,jennifer66@yahoo.com,JE5 1PP,214.65.164.101,1,1,1,38,[BXI]
10,online,Jacob Cox-Evans,,,0601,noblenathan@payne.com,CR8B 8ZW,169.253.122.20,1,1,1,3500,[BXI]
37,online,Jasmine Patel,,,2362,marion08@gmail.com,E20 8JE,198.51.99.100,2,1,2,5000,[BXI]
18,bank_transfer,Jean Brennan,620164,78522928,,,,,3,2,3,4313,[LEI;BXI]
89,online,June Bailey,,,8720,julie77@bailey.com,N3 4QH,97.75.210.223,1,1,1,4300,[BXI]
70,online,Justin Gregory,,,8336,savagedavid@roberts-hamilton.com,M5U 6AD,192.22.247.197,2,2,2,2037,[LEI;BXI]
74,online,Kayleigh Johnston,,,2131,iqbalraymond@cook.com,RH89 2SZ,192.88.220.3,2,1,2,14800,[LEI]
59,online,Kelly Hayward,,,9164,jemma44@jenkins-baker.biz,SG79 6SS,192.0.235.188,1,1,1,1029,[BXI]
41,bank_transfer,Kim Vaughan,952491,12164828,,,,,1,1,1,2000,[BXI]
56,online,Kirsty Lee,,,5397,gcooper@chambers.info,LE4 2LF,198.50.196.79,1,0,1,1703,[]
48,online,Liam Clarke-Godfrey,,,5389,lorraine71@hotmail.com,KA09 5ER,192.5.85.102,2,2,2,10300,[LEI;BXI]
84,online,Louise Rees,,,2740,abbieallen@dobson-hall.com,B9 4SJ,202.148.254.196,2,1,2,3411,[BXI]
57,online,Lynda Jones,,,1531,arthurporter@yahoo.com,L0 1YD,25.41.108.253,3,1,3,8061,[LEI]
23,online,Lynda Richardson,,,4636,whitesharon@yahoo.com,YO3N 3EG,203.0.125.231,2,1,2,3100,[LEI]
61,online,Lynn Lucas-Morley,,,5177,byates@cunningham.com,OX4W 7JN,192.31.233.224,1,1,1,6900,[LEI]
30,online,Mary Bartlett,,,3794,joshpower@gardiner.com,E94 3TJ,198.55.11.146,1,1,2,11800,[LEI]
19,online,Max Rogers,,,8188,dunnpatrick@gmail.com,B4 8GP,192.162.84.157,1,1,1,2000,[LEI]
14,online,Melissa James,,,3847,louis20@smith.com,B68 7AR,198.63.149.211,4,2,4,5763,[LEI;BXI]
1,online,Michelle Oliver,,,4400,waynegregory@collier.net,PO94 9EU,192.0.7.2,1,1,1,1500,[LEI]
82,online,Miss Joan O'Brien,,,5158,kellydouglas@smith.com,KW2N 7AH,171.28.91.36,1,1,1,1500,[LEI]
33,online,Miss Jodie Burton,,,7208,owenlord@cox.com,IV6X 2TN,169.136.206.76,2,1,2,10600,[BXI]
64,online,Miss Paige Gill,,,8710,smorgan@chambers-noble.biz,NE06 3ST,192.29.15.178,1,1,1,1793,[BXI]
54,online,Miss Shannon Hutchinson,,,0532,uprice@bradley-stewart.com,SE53 1DE,168.97.40.133,1,1,1,2900,[BXI]
9,online,Mr. Aaron Perkins,,,5930,gregory00@wilkinson-weston.com,E43 6AH,198.51.118.208,1,1,1,2500,[BXI]
35,online,Mr. Cameron White,,,1606,norman93@ward.net,L4 3YB,101.64.209.200,1,1,1,1400,[BXI]
5,online,Mr. Carl Higgins,,,5229,warnertimothy@sheppard-robinson.com,WF9A 3AP,169.255.129.3,4,2,4,12459,[LEI;BXI]
7,online,Mr. Edward Perry,,,1985,jenna12@may.com,CW23 8FY,192.0.22.204,1,1,1,2300,[LEI]
25,online,Mrs. Charlene Williams,,,5060,jadejones@yahoo.com,S08 5XU,124.89.74.118,1,1,1,2000,[BXI]
67,online,Mrs. Jessica Edwards,,,0504,joseph35@yahoo.com,SA29 8LN,21.161.250.27,1,1,1,2000,[BXI]
17,online,Ms. Susan Morley,,,3660,mathewevans@yahoo.com,L73 4NJ,118.226.109.123,2,1,2,4600,[LEI]
81,online,Natalie Leonard,,,1107,leesashleigh@bennett.com,S7E 5FS,192.175.12.228,1,1,1,1252,[LEI]
52,online,Natalie Yates-Bradley,,,4359,jacksonjasmine@gmail.com,TF63 0SD,198.17.242.76,1,1,1,409,[LEI]
58,bank_transfer,Nathan Pritchard-Ingram,542356,96467099,,,,,1,1,1,9100,[BXI]
16,online,Peter Brown-Franklin,,,2206,jonesdylan@horton.net,M5 9JZ,192.88.187.92,4,2,4,15700,[LEI;BXI]
77,online,Rebecca Scott,,,3802,henrywright@gmail.com,BB6 0NJ,45.19.183.247,3,2,3,5500,[LEI;BXI]
73,online,Robin James,,,5193,cliveparkinson@yahoo.com,E4J 3UX,212.92.81.195,2,1,2,5145,[BXI]
6,bank_transfer,Stanley Day-Franklin,619519,48275541,,,,,1,1,1,1500,[BXI]
78,online,Stephanie Green,,,6566,christopherhall@green.com,CF40 6SR,192.0.10.224,1,0,1,7300,[]
38,online,Wayne Parsons,,,8443,brownrosie@yahoo.com,S8 7YT,192.52.204.93,1,1,1,1500,[LEI]
